,opname,opcode,arg,argval,argrepr,offset,starts_line,is_jump_target,bytes
0,LOAD_FAST,124,0.0,n,n,0,2.0,False,"[124, 0]"
1,LOAD_CONST,100,1.0,1,1,2,,False,"[100, 1]"
2,COMPARE_OP,107,1.0,<=,<=,4,,False,"[107, 1]"
3,POP_JUMP_IF_FALSE,114,12.0,12,,6,,False,"[114, 12]"
4,LOAD_CONST,100,1.0,1,1,8,3.0,False,"[100, 1]"
5,RETURN_VALUE,83,,,,10,,False,"[83, 0]"
6,LOAD_GLOBAL,116,0.0,fibonacci_function,fibonacci_function,12,5.0,True,"[116, 0]"
7,LOAD_FAST,124,0.0,n,n,14,,False,"[124, 0]"
8,LOAD_CONST,100,1.0,1,1,16,,False,"[100, 1]"
9,BINARY_SUBTRACT,24,,,,18,,False,"[24, 0]"
10,CALL_FUNCTION,131,1.0,1,,20,,False,"[131, 1]"
11,LOAD_GLOBAL,116,0.0,fibonacci_function,fibonacci_function,22,,False,"[116, 0]"
12,LOAD_FAST,124,0.0,n,n,24,,False,"[124, 0]"
13,LOAD_CONST,100,2.0,2,2,26,,False,"[100, 2]"
14,BINARY_SUBTRACT,24,,,,28,,False,"[24, 0]"
15,CALL_FUNCTION,131,1.0,1,,30,,False,"[131, 1]"
16,BINARY_ADD,23,,,,32,,False,"[23, 0]"
17,RETURN_VALUE,83,,,,34,,False,"[83, 0]"
18,LOAD_CONST,100,0.0,,None,36,,False,"[100, 0]"
19,RETURN_VALUE,83,,,,38,,False,"[83, 0]"
